"scientific_name","scientific_name_type","kingdom","establishment_means","is_invasive","occurrence_status","checklist.name","checklist.iso_countrycode_alpha3","accepted_name.species","accepted_name.kingdom","accepted_name.phylum","accepted_name.class","accepted_name.order","accepted_name.family","accepted_name.habitat"
"Jatropha curcas L.","species","Plantae","alien","null","present","Bahamas","BHS","Jatropha curcas","Plantae","Tracheophyta","Magnoliopsida","Malpighiales","Euphorbiaceae","[""terrestrial""]"
"Setaria verticillata (L.) P.Beauv.","species","Plantae","alien","null","present","Bahamas","BHS","Setaria verticillata","Plantae","Tracheophyta","Liliopsida","Poales","Poaceae","[""terrestrial""]"
"Albizia lebbeck (L.) Benth.","species","Plantae","alien","invasive","present","Bahamas","BHS","Albizia lebbeck","Plantae","Tracheophyta","Magnoliopsida","Fabales","Fabaceae","[""terrestrial""]"
"Acacia farnesiana (L.) Willd.","species","Plantae","alien","null","present","Bahamas","BHS","Vachellia farnesiana","Plantae","Tracheophyta","Magnoliopsida","Fabales","Fabaceae","[""terrestrial""]"
"Casuarina glauca Sieber","species","Plantae","alien","invasive","present","Bahamas","BHS","Casuarina glauca","Plantae","Tracheophyta","Magnoliopsida","Fagales","Casuarinaceae","[""terrestrial""]"
"Tapinoma melanocephalum (Fabricius, 1793)","species","Animalia","alien","invasive","present","Bahamas","BHS","Tapinoma melanocephalum","Animalia","Arthropoda","Insecta","Hymenoptera","Formicidae","[""terrestrial""]"
"Melaleuca quinquenervia (Cav.) S.T.Blake","species","Plantae","alien","invasive","present","Bahamas","BHS","Melaleuca quinquenervia","Plantae","Tracheophyta","Magnoliopsida","Myrtales","Myrtaceae","[""terrestrial""]"
"Cactoblastis cactorum Berg, 1885","species","Animalia","alien","invasive","present","Bahamas","BHS","Cactoblastis cactorum","Animalia","Arthropoda","Insecta","Lepidoptera","Pyralidae","[""terrestrial""]"
"Prunus amygdalus (L.) Batsch","species","Plantae","alien","invasive","present","Bahamas","BHS","Prunus dulcis","Plantae","Tracheophyta","Magnoliopsida","Rosales","Rosaceae","[""terrestrial""]"
"Nannochloropsis oculata (Droop) Hibberd, 1981","species","Chromista","alien","invasive","present","Bahamas","BHS","Nannochloropsis oculata","Chromista","Ochrophyta","Eustigmatophyceae","Eustigmatales","Monodopsidaceae","[""freshwater"",""brackish""]"
"Pheidole megacephala (Fabricius, 1793)","species","Animalia","alien","invasive","present","Bahamas","BHS","Pheidole megacephala","Animalia","Arthropoda","Insecta","Hymenoptera","Formicidae","[""terrestrial""]"
"Rattus rattus (Linnaeus, 1758)","species","Animalia","alien","invasive","present","Bahamas","BHS","Rattus rattus","Animalia","Chordata","Mammalia","Rodentia","Muridae","[""terrestrial""]"
"Sansevieria hyacinthoides (L.) Druce","species","Plantae","alien","null","present","Bahamas","BHS","Sansevieria hyacinthoides","Plantae","Tracheophyta","Liliopsida","Asparagales","Asparagaceae","[""terrestrial""]"
"Abrus precatorius L.","species","Plantae","alien","invasive","present","Bahamas","BHS","Abrus precatorius","Plantae","Tracheophyta","Magnoliopsida","Fabales","Fabaceae","[""terrestrial""]"
"Sciaenops ocellatus (Linnaeus, 1766)","species","Animalia","alien","null","present","Bahamas","BHS","Sciaenops ocellatus","Animalia","Chordata","Actinopterygii","Perciformes","Sciaenidae","[""brackish"",""marine""]"
"Cenchrus ciliaris L.","species","Plantae","alien","null","present","Bahamas","BHS","Cenchrus ciliaris","Plantae","Tracheophyta","Liliopsida","Poales","Poaceae","[""terrestrial""]"
"Pantherophis guttatus (Linnaeus, 1766)","species","Animalia","alien","null","present","Bahamas","BHS","Pantherophis guttatus","Animalia","Chordata","Reptilia","Squamata","Colubridae","[""terrestrial""]"
"Haematoxylon campechianum L.","species","Plantae","alien","invasive","present","Bahamas","BHS","Haematoxylon campechianum","Plantae","Tracheophyta","Magnoliopsida","Fabales","Fabaceae","[""terrestrial""]"
"Kalanchoe pinnata Pers.","species","Plantae","alien","null","present","Bahamas","BHS","Kalanchoe pinnata","Plantae","Tracheophyta","Magnoliopsida","Asterales","Asteraceae","[""terrestrial""]"
"Pterois volitans (Linnaeus, 1758)","species","Animalia","alien","invasive","present","Bahamas","BHS","Pterois volitans","Animalia","Chordata","Actinopterygii","Scorpaeniformes","Scorpaenidae","[""marine""]"
"Asystasia gangetica T.Anderson","species","Plantae","alien","null","present","Bahamas","BHS","Asystasia gangetica","Plantae","Tracheophyta","Magnoliopsida","Lamiales","Acanthaceae","[""terrestrial""]"
"Cyclura rileyi nuchalis Barbour & Noble, 1916","subspecies","Animalia","alien","null","present","Bahamas","BHS","Cyclura rileyi","Animalia","Chordata","Reptilia","Squamata","Iguanidae","[""terrestrial""]"
"Cissus sicyoides L.","species","Plantae","alien","null","present","Bahamas","BHS","Cissus verticillata","Plantae","Tracheophyta","Magnoliopsida","Vitales","Vitaceae","[""terrestrial""]"
"Kalanchoe delagoensis Eckl. & Zeyh.","species","Plantae","alien","null","present","Bahamas","BHS","Kalanchoe delagoensis","Plantae","Tracheophyta","Magnoliopsida","Saxifragales","Crassulaceae","[""terrestrial""]"
"Veitchia merrillii (Becc.) H.E.Moore","species","Plantae","alien","null","present","Bahamas","BHS","Adonidia merrillii","Plantae","Tracheophyta","Liliopsida","Arecales","Arecaceae","[""terrestrial""]"
"Jasminum fluminense Vell.","species","Plantae","alien","invasive","present","Bahamas","BHS","Jasminum fluminense","Plantae","Tracheophyta","Magnoliopsida","Lamiales","Oleaceae","[""terrestrial""]"
"Euxiphipops navarchus (Cuvier, 1831)","species","Animalia","alien","invasive","present","Bahamas","BHS","Pomacanthus navarchus","Animalia","Chordata","Actinopterygii","Perciformes","Pomacanthidae","[""marine""]"
"Heterodontus zebra (Gray, 1831)","species","Animalia","alien","invasive","present","Bahamas","BHS","Heterodontus zebra","Animalia","Chordata","Elasmobranchii","Heterodontiformes","Heterodontidae","[""marine""]"
"Schefflera actinophylla (Endl.) Harms","species","Plantae","alien","invasive","present","Bahamas","BHS","Schefflera actinophylla","Plantae","Tracheophyta","Magnoliopsida","Apiales","Araliaceae","[""terrestrial""]"
"Callionymus lyra Linnaeus, 1758","species","Animalia","alien","invasive","present","Bahamas","BHS","Callionymus lyra","Animalia","Chordata","Actinopterygii","Perciformes","Callionymidae","[""marine""]"
"Typha angustifolia L.","species","Plantae","alien","null","present","Bahamas","BHS","Typha angustifolia","Plantae","Tracheophyta","Liliopsida","Poales","Typhaceae","[""terrestrial"",""freshwater""]"
"Schinus terebinthifolia Raddi","species","Plantae","alien","invasive","present","Bahamas","BHS","Schinus terebinthifolia","Plantae","Tracheophyta","Magnoliopsida","Sapindales","Anacardiaceae","[""terrestrial""]"
"Triphasia trifolia P.Wilson","species","Plantae","alien","null","present","Bahamas","BHS","Triphasia trifolia","Plantae","Tracheophyta","Magnoliopsida","Sapindales","Rutaceae","[""terrestrial""]"
"Gastrophryne carolinensis (Holbrook, 1835)","species","Animalia","alien","null","present","Bahamas","BHS","Gastrophryne carolinensis","Animalia","Chordata","Amphibia","Anura","Microhylidae","[""terrestrial"",""freshwater""]"
"Jatropha gossypiifolia L.","species","Plantae","alien","null","present","Bahamas","BHS","Jatropha gossypiifolia","Plantae","Tracheophyta","Magnoliopsida","Malpighiales","Euphorbiaceae","[""terrestrial""]"
"Syzygium jambos (L.) Alston","species","Plantae","alien","null","present","Bahamas","BHS","Syzygium jambos","Plantae","Tracheophyta","Magnoliopsida","Myrtales","Myrtaceae","[""terrestrial""]"
"Acacia nilotica Schumach. & Thonn.","species","Plantae","alien","null","present","Bahamas","BHS","Acacia nilotica","Plantae","Tracheophyta","Magnoliopsida","Fabales","Fabaceae","[""terrestrial""]"
"Arundo donax L.","species","Plantae","alien","null","present","Bahamas","BHS","Arundo donax","Plantae","Tracheophyta","Liliopsida","Poales","Poaceae","[""terrestrial""]"
"Ruellia tuberosa L.","species","Plantae","alien","null","present","Bahamas","BHS","Ruellia tuberosa","Plantae","Tracheophyta","Magnoliopsida","Lamiales","Acanthaceae","[""terrestrial""]"
"Imperata cylindrica (L.) P.Beauv.","species","Plantae","alien","null","present","Bahamas","BHS","Imperata cylindrica","Plantae","Tracheophyta","Liliopsida","Poales","Poaceae","[""terrestrial""]"
"Dioscorea bulbifera L.","species","Plantae","alien","invasive","present","Bahamas","BHS","Dioscorea bulbifera","Plantae","Tracheophyta","Liliopsida","Dioscoreales","Dioscoreaceae","[""terrestrial""]"
"Pimenta racemosa (Mill.) J.W.Moore","species","Plantae","alien","invasive","present","Bahamas","BHS","Pimenta racemosa","Plantae","Tracheophyta","Magnoliopsida","Myrtales","Myrtaceae","[""terrestrial""]"
"Solenopsis invicta Buren, 1972","species","Animalia","alien","invasive","present","Bahamas","BHS","Solenopsis invicta","Animalia","Arthropoda","Insecta","Hymenoptera","Formicidae","[""terrestrial""]"
"Dysphania ambrosioides (L.) Mosyakin & Clemants","species","Plantae","alien","null","present","Bahamas","BHS","Dysphania ambrosioides","Plantae","Tracheophyta","Magnoliopsida","Caryophyllales","Amaranthaceae","[""terrestrial""]"
"Equus asinus Linnaeus, 1758","species","Animalia","alien","invasive","present","Bahamas","BHS","Equus asinus","Animalia","Chordata","Mammalia","Perissodactyla","Equidae","[""terrestrial""]"
"Cyanthillium cinereum (L.) H.Rob.","species","Plantae","alien","null","present","Bahamas","BHS","Cyanthillium cinereum","Plantae","Tracheophyta","Magnoliopsida","Asterales","Asteraceae","[""terrestrial""]"
"Oeceoclades maculata Lindl.","species","Plantae","alien","null","present","Bahamas","BHS","Oeceoclades maculata","Plantae","Tracheophyta","Liliopsida","Asparagales","Orchidaceae","[""terrestrial""]"
"Stachytarpheta jamaicensis (L.) Vahl","species","Plantae","alien","null","present","Bahamas","BHS","Stachytarpheta jamaicensis","Plantae","Tracheophyta","Magnoliopsida","Lamiales","Verbenaceae","[""terrestrial""]"
"Felis catus Linnaeus, 1758","species","Animalia","alien","invasive","present","Bahamas","BHS","Felis catus","Animalia","Chordata","Mammalia","Carnivora","Felidae","[""terrestrial""]"
"Xiphophorus maculatus (Günther, 1866)","species","Animalia","alien","invasive","present","Bahamas","BHS","Xiphophorus maculatus","Animalia","Chordata","Actinopterygii","Cyprinodontiformes","Poeciliidae","[""freshwater""]"
"Bos taurus Linnaeus, 1758","species","Animalia","alien","invasive","present","Bahamas","BHS","Bos taurus","Animalia","Chordata","Mammalia","Artiodactyla","Bovidae","[""terrestrial""]"
"Ziziphus mauritiana Lam.","species","Plantae","alien","null","present","Bahamas","BHS","Ziziphus mauritiana","Plantae","Tracheophyta","Magnoliopsida","Rosales","Rhamnaceae","[""terrestrial""]"
"Megathyrsus maximus (Jacq.) B.K.Simon & S.W.L.Jacobs","species","Plantae","alien","null","present","Bahamas","BHS","Panicum maximum","Plantae","Tracheophyta","Liliopsida","Poales","Poaceae","[""terrestrial""]"
"Portulaca oleracea L.","species","Plantae","alien","null","present","Bahamas","BHS","Portulaca oleracea","Plantae","Tracheophyta","Magnoliopsida","Caryophyllales","Portulacaceae","[""terrestrial""]"
"Ctenosaura similis (Gray, 1831)","species","Animalia","alien","null","present","Bahamas","BHS","Ctenosaura similis","Animalia","Chordata","Reptilia","Squamata","Iguanidae","[""terrestrial""]"
"Loxosceles reclusa Gertsch & Mulaik, 1940","species","Animalia","alien","invasive","present","Bahamas","BHS","Loxosceles reclusa","Animalia","Arthropoda","Arachnida","Araneae","Sicariidae","[""terrestrial""]"
"Euphorbia graminea Jacq.","species","Plantae","alien","null","present","Bahamas","BHS","Euphorbia graminea","Plantae","Tracheophyta","Magnoliopsida","Malpighiales","Euphorbiaceae","[""terrestrial""]"
"Herpestes javanicus (É.Geoffroy Saint-Hilaire, 1818)","species","Animalia","alien","invasive","present","Bahamas","BHS","Herpestes javanicus","Animalia","Chordata","Mammalia","Carnivora","Herpestidae","[""terrestrial""]"
"Thespesia populnea Sol. ex Corrêa","species","Plantae","alien","invasive","present","Bahamas","BHS","Thespesia populnea","Plantae","Tracheophyta","Magnoliopsida","Malvales","Malvaceae","[""terrestrial""]"
"Eugenia uniflora L.","species","Plantae","alien","invasive","present","Bahamas","BHS","Eugenia uniflora","Plantae","Tracheophyta","Magnoliopsida","Myrtales","Myrtaceae","[""terrestrial""]"
"Psidium cattleianum Sabine","species","Plantae","alien","null","present","Bahamas","BHS","Psidium cattleianum","Plantae","Tracheophyta","Magnoliopsida","Myrtales","Myrtaceae","[""terrestrial""]"
"Bauhinia purpurea L.","species","Plantae","alien","null","present","Bahamas","BHS","Bauhinia purpurea","Plantae","Tracheophyta","Magnoliopsida","Fabales","Fabaceae","[""terrestrial""]"
"Pithecellobium dulce (Roxb.) Benth.","species","Plantae","alien","null","present","Bahamas","BHS","Pithecellobium dulce","Plantae","Tracheophyta","Magnoliopsida","Fabales","Fabaceae","[""terrestrial""]"
"Ageratum conyzoides L.","species","Plantae","alien","null","present","Bahamas","BHS","Ageratum conyzoides","Plantae","Tracheophyta","Magnoliopsida","Asterales","Asteraceae","[""terrestrial""]"
"Chiloscyllium punctatum Müller, Henle & Henle ex Kuhl & van Hasselt, 1838","species","Animalia","alien","invasive","present","Bahamas","BHS","Chiloscyllium punctatum","Animalia","Chordata","Elasmobranchii","Orectolobiformes","Hemiscylliidae","[""marine""]"
"Neyraudia reynaudiana (Kunth) Keng ex Hitchcock","species","Plantae","alien","invasive","present","Bahamas","BHS","Neyraudia reynaudiana","Plantae","Tracheophyta","Liliopsida","Poales","Poaceae","[""terrestrial""]"
"Launaea intybacea Beauverd","species","Plantae","alien","null","present","Bahamas","BHS","Launaea intybacea","Plantae","Tracheophyta","Magnoliopsida","Asterales","Asteraceae","[""terrestrial""]"
"Sturnus vulgaris Linnaeus, 1758","species","Animalia","alien","null","present","Bahamas","BHS","Sturnus vulgaris","Animalia","Chordata","Aves","Passeriformes","Sturnidae","[""terrestrial""]"
"Delonix regia (Bojer) Raf.","species","Plantae","alien","null","present","Bahamas","BHS","Delonix regia","Plantae","Tracheophyta","Magnoliopsida","Fabales","Fabaceae","[""terrestrial""]"
"Asclepias curassavica L.","species","Plantae","alien","null","present","Bahamas","BHS","Asclepias curassavica","Plantae","Tracheophyta","Magnoliopsida","Gentianales","Apocynaceae","[""terrestrial""]"
"Passiflora foetida L.","species","Plantae","alien","invasive","present","Bahamas","BHS","Passiflora foetida","Plantae","Tracheophyta","Magnoliopsida","Malpighiales","Passifloraceae","[""terrestrial""]"
"Nephrolepis multiflora Presl.","species","Plantae","alien","invasive","present","Bahamas","BHS","Nephrolepis multiflora","Plantae","Tracheophyta","Polypodiopsida","Polypodiales","Nephrolepidaceae","[""terrestrial""]"
"Wasmannia auropunctata (Roger, 1863)","species","Animalia","alien","invasive","present","Bahamas","BHS","Wasmannia auropunctata","Animalia","Arthropoda","Insecta","Hymenoptera","Formicidae","[""terrestrial""]"
"Diaphorina citri Kuwayama, 1908","species","Animalia","alien","invasive","present","Bahamas","BHS","Diaphorina citri","Animalia","Arthropoda","Insecta","Hemiptera","Liviidae","[""host""]"
"Leonurus japonicus Houtt.","species","Plantae","alien","null","present","Bahamas","BHS","Leonurus japonicus","Plantae","Tracheophyta","Magnoliopsida","Lamiales","Lamiaceae","[""terrestrial""]"
"Pantherophis alleghaniensis (Holbrook, 1836)","species","Animalia","alien","null","present","Bahamas","BHS","Pantherophis alleghaniensis","Animalia","Chordata","Reptilia","Squamata","Colubridae","[""terrestrial""]"
"Euglandina rosea (Ferussac, 1818)","species","Animalia","alien","invasive","present","Bahamas","BHS","Euglandina rosea","Animalia","Mollusca","Gastropoda","Stylommatophora","Spiraxidae","[""terrestrial""]"
"Verbesina encelioides (Cav.) A.Gray","species","Plantae","alien","null","present","Bahamas","BHS","Verbesina encelioides","Plantae","Tracheophyta","Magnoliopsida","Asterales","Asteraceae","[""terrestrial""]"
"Clerodendrum chinense (Osb.) Mabb.","species","Plantae","alien","null","present","Bahamas","BHS","Clerodendrum chinense","Plantae","Tracheophyta","Magnoliopsida","Lamiales","Lamiaceae","[""terrestrial""]"
"Streptopelia decaocto (Frivaldszky, 1838)","species","Animalia","alien","invasive","present","Bahamas","BHS","Streptopelia decaocto","Animalia","Chordata","Aves","Columbiformes","Columbidae","[""terrestrial""]"
"Oreochromis mossambicus (Peters, 1852)","species","Animalia","alien","invasive","present","Bahamas","BHS","Oreochromis mossambicus","Animalia","Chordata","Actinopterygii","Perciformes","Cichlidae","[""freshwater"",""brackish""]"
"Herpestes auropunctatus (Hodgson, 1836)","species","Animalia","alien","invasive","present","Bahamas","BHS","Herpestes auropunctatus","Animalia","Chordata","Mammalia","Carnivora","Herpestidae","[""terrestrial""]"
"Scaevola plumieri Vahl","species","Plantae","alien","invasive","present","Bahamas","BHS","Scaevola plumieri","Plantae","Tracheophyta","Magnoliopsida","Asterales","Goodeniaceae","[""terrestrial""]"
"Xiphophorus hellerii Heckel, 1848","species","Animalia","alien","invasive","present","Bahamas","BHS","Xiphophorus hellerii","Animalia","Chordata","Actinopterygii","Cyprinodontiformes","Poeciliidae","[""freshwater"",""brackish""]"
"Oreochromis urolepis (Norman, 1922)","species","Animalia","alien","invasive","present","Bahamas","BHS","Oreochromis urolepis","Animalia","Chordata","Actinopterygii","Perciformes","Cichlidae","[""freshwater"",""brackish""]"
"Eichhornia crassipes Solms","species","Plantae","alien","invasive","present","Bahamas","BHS","Eichhornia crassipes","Plantae","Tracheophyta","Liliopsida","Commelinales","Pontederiaceae","[""freshwater""]"
"Canis lupus Linnaeus, 1758","species","Animalia","alien","invasive","present","Bahamas","BHS","Canis lupus","Animalia","Chordata","Mammalia","Carnivora","Canidae","[""terrestrial""]"
"Iguana iguana (Linnaeus, 1758)","species","Animalia","alien","null","present","Bahamas","BHS","Iguana iguana","Animalia","Chordata","Reptilia","Squamata","Iguanidae","[""terrestrial""]"
"Mucuna pruriens (L.) DC.","species","Plantae","alien","invasive","present","Bahamas","BHS","Mucuna pruriens","Plantae","Tracheophyta","Magnoliopsida","Fabales","Fabaceae","[""terrestrial""]"
"Acacia auriculiformis Benth.","species","Plantae","alien","invasive","present","Bahamas","BHS","Acacia auriculiformis","Plantae","Tracheophyta","Magnoliopsida","Fabales","Fabaceae","[""terrestrial""]"
"Mus musculus Linnaeus, 1758","species","Animalia","alien","invasive","present","Bahamas","BHS","Mus musculus","Animalia","Chordata","Mammalia","Rodentia","Muridae","[""terrestrial""]"
"Tubastraea coccinea Lesson, 1829-1830","species","Animalia","alien","null","present","Bahamas","BHS","Tubastraea coccinea","Animalia","Cnidaria","Anthozoa","Scleractinia","Dendrophylliidae","[""marine""]"
"Pterois miles (Bennett, 1828)","species","Animalia","alien","invasive","present","Bahamas","BHS","Pterois miles","Animalia","Chordata","Actinopterygii","Scorpaeniformes","Scorpaenidae","[""marine""]"
"Chrysaora quinquecirrha (Desor, 1848)","species","Animalia","alien","invasive","present","Bahamas","BHS","Chrysaora quinquecirrha","Animalia","Cnidaria","Scyphozoa","Semaeostomeae","Pelagiidae","[""marine""]"
"Melia azedarach L.","species","Plantae","alien","null","present","Bahamas","BHS","Melia azedarach","Plantae","Tracheophyta","Magnoliopsida","Sapindales","Meliaceae","[""terrestrial""]"
"Molothrus ater Boddaert, 1783","species","Animalia","alien","null","present","Bahamas","BHS","Molothrus ater","Animalia","Chordata","Aves","Passeriformes","Emberizidae","[""terrestrial""]"
"Thymophylla tenuiloba var. tenuiloba","variety","Plantae","alien","null","present","Bahamas","BHS","Thymophylla tenuiloba","Plantae","Tracheophyta","Magnoliopsida","Asterales","Asteraceae","[""terrestrial""]"
"Ficus benghalensis L.","species","Plantae","alien","null","present","Bahamas","BHS","Ficus benghalensis","Plantae","Tracheophyta","Magnoliopsida","Rosales","Moraceae","[""terrestrial""]"
"Scaevola taccada (Gaertn.) Roxb.","species","Plantae","alien","invasive","present","Bahamas","BHS","Scaevola sericea","Plantae","Tracheophyta","Magnoliopsida","Asterales","Goodeniaceae","[""terrestrial""]"
"Lantana camara L.","species","Plantae","alien","invasive","present","Bahamas","BHS","Lantana camara","Plantae","Tracheophyta","Magnoliopsida","Lamiales","Verbenaceae","[""terrestrial""]"
"Tradescantia zebrina Bosse","species","Plantae","alien","null","present","Bahamas","BHS","Tradescantia zebrina","Plantae","Tracheophyta","Liliopsida","Commelinales","Commelinaceae","[""terrestrial""]"
"Urochloa maxima (Jacq.) R.D.Webster","species","Plantae","alien","invasive","present","Bahamas","BHS","Panicum maximum","Plantae","Tracheophyta","Liliopsida","Poales","Poaceae","[""terrestrial""]"
"Procyon lotor (Linnaeus, 1758)","species","Animalia","alien","invasive","present","Bahamas","BHS","Procyon lotor","Animalia","Chordata","Mammalia","Carnivora","Procyonidae","[""terrestrial""]"
"Albizia procera (Roxb.) Benth.","species","Plantae","alien","null","present","Bahamas","BHS","Albizia procera","Plantae","Tracheophyta","Magnoliopsida","Fabales","Fabaceae","[""terrestrial""]"
"Asparagus densiflorus (Kunth) Jessop","species","Plantae","alien","invasive","present","Bahamas","BHS","Asparagus densiflorus","Plantae","Tracheophyta","Liliopsida","Asparagales","Asparagaceae","[""terrestrial""]"
"Dioscorea alata L.","species","Plantae","alien","invasive","present","Bahamas","BHS","Dioscorea alata","Plantae","Tracheophyta","Liliopsida","Dioscoreales","Dioscoreaceae","[""terrestrial""]"
"Oreochromis aureus (Steindachner, 1864)","species","Animalia","alien","invasive","present","Bahamas","BHS","Oreochromis aureus","Animalia","Chordata","Actinopterygii","Perciformes","Cichlidae","[""freshwater"",""brackish""]"
"Rottboellia cochinchinensis (Lour.) Clayton","species","Plantae","alien","null","present","Bahamas","BHS","Rottboellia cochinchinensis","Plantae","Tracheophyta","Liliopsida","Poales","Poaceae","[""terrestrial""]"
"Cherax quadricarinatus (von Martins, 1868)","species","Animalia","alien","invasive","present","Bahamas","BHS","Cherax quadricarinatus","Animalia","Arthropoda","Malacostraca","Decapoda","Parastacidae","[""freshwater""]"
"Psidium guajava L.","species","Plantae","alien","invasive","present","Bahamas","BHS","Psidium guajava","Plantae","Tracheophyta","Magnoliopsida","Myrtales","Myrtaceae","[""terrestrial""]"
"Tabebuia heterophylla Britton","species","Plantae","alien","null","present","Bahamas","BHS","Tabebuia heterophylla","Plantae","Tracheophyta","Magnoliopsida","Lamiales","Bignoniaceae","[""terrestrial""]"
"Ipomoea triloba L.","species","Plantae","alien","null","present","Bahamas","BHS","Ipomoea triloba","Plantae","Tracheophyta","Magnoliopsida","Solanales","Convolvulaceae","[""terrestrial""]"
"Ricinus communis L.","species","Plantae","alien","invasive","present","Bahamas","BHS","Ricinus communis","Plantae","Tracheophyta","Magnoliopsida","Malpighiales","Euphorbiaceae","[""terrestrial""]"
"Tribulus cistoides L.","species","Plantae","alien","null","present","Bahamas","BHS","Tribulus cistoides","Plantae","Tracheophyta","Magnoliopsida","Zygophyllales","Zygophyllaceae","[""terrestrial""]"
"Tradescantia pallida (Rose) D.R.Hunt","species","Plantae","alien","null","present","Bahamas","BHS","Tradescantia pallida","Plantae","Tracheophyta","Liliopsida","Commelinales","Commelinaceae","[""terrestrial""]"
"Maconellicoccus hirsutus (Green, 1908)","species","Animalia","alien","invasive","present","Bahamas","BHS","Maconellicoccus hirsutus","Animalia","Arthropoda","Insecta","Hemiptera","Pseudococcidae","[""host""]"
"Gliricidia sepium (Jacq.) Walp.","species","Plantae","alien","null","present","Bahamas","BHS","Gliricidia sepium","Plantae","Tracheophyta","Magnoliopsida","Fabales","Fabaceae","[""terrestrial""]"
"Capra hircus Linnaeus, 1758","species","Animalia","alien","invasive","present","Bahamas","BHS","Capra hircus","Animalia","Chordata","Mammalia","Artiodactyla","Bovidae","[""terrestrial""]"
"Paspalum urvillei Steud.","species","Plantae","alien","null","present","Bahamas","BHS","Paspalum urvillei","Plantae","Tracheophyta","Liliopsida","Poales","Poaceae","[""terrestrial""]"
"Paratachardina pseudolobata Kondo & Gullan, 2007","species","Animalia","alien","invasive","present","Bahamas","BHS","Paratachardina pseudolobata","Animalia","Arthropoda","Insecta","Hemiptera","Kerriidae","[""host""]"
"Syngonium podophyllum Schott","species","Plantae","alien","invasive","present","Bahamas","BHS","Syngonium podophyllum","Plantae","Tracheophyta","Liliopsida","Alismatales","Araceae","[""terrestrial""]"
"Bauhinia variegata L.","species","Plantae","alien","invasive","present","Bahamas","BHS","Bauhinia variegata","Plantae","Tracheophyta","Magnoliopsida","Fabales","Fabaceae","[""terrestrial""]"
"Aleurites moluccanus Willd.","species","Plantae","alien","null","present","Bahamas","BHS","Aleurites moluccanus","Plantae","Tracheophyta","Magnoliopsida","Malpighiales","Euphorbiaceae","[""terrestrial""]"
"Calliandra surinamensis Benth.","species","Plantae","alien","null","present","Bahamas","BHS","Calliandra surinamensis","Plantae","Tracheophyta","Magnoliopsida","Fabales","Fabaceae","[""terrestrial""]"
"Eleutherodactylus coqui Thomas, 1966","species","Animalia","alien","invasive","present","Bahamas","BHS","Eleutherodactylus coqui","Animalia","Chordata","Amphibia","Anura","Eleutherodactylidae","[""terrestrial"",""freshwater""]"
"Cestrum diurnum L.","species","Plantae","alien","invasive","present","Bahamas","BHS","Cestrum diurnum","Plantae","Tracheophyta","Magnoliopsida","Solanales","Solanaceae","[""terrestrial""]"
"Moringa oleifera Lam.","species","Plantae","alien","null","present","Bahamas","BHS","Moringa oleifera","Plantae","Tracheophyta","Magnoliopsida","Brassicales","Moringaceae","[""terrestrial""]"
"Trachelospermum jasminoides Lem.","species","Plantae","alien","invasive","present","Bahamas","BHS","Trachelospermum jasminoides","Plantae","Tracheophyta","Magnoliopsida","Gentianales","Apocynaceae","[""terrestrial""]"
"Calotropis procera (Aiton) W.T.Aiton","species","Plantae","alien","invasive","present","Bahamas","BHS","Calotropis procera","Plantae","Tracheophyta","Magnoliopsida","Gentianales","Apocynaceae","[""terrestrial""]"
"Physalis peruviana L.","species","Plantae","alien","null","present","Bahamas","BHS","Physalis peruviana","Plantae","Tracheophyta","Magnoliopsida","Solanales","Solanaceae","[""terrestrial""]"
"Pennisetum purpureum Schumach.","species","Plantae","alien","invasive","present","Bahamas","BHS","Cenchrus purpureus","Plantae","Tracheophyta","Liliopsida","Poales","Poaceae","[""terrestrial""]"
"Annona squamosa L.","species","Plantae","alien","null","present","Bahamas","BHS","Annona squamosa","Plantae","Tracheophyta","Magnoliopsida","Magnoliales","Annonaceae","[""terrestrial""]"
"Litopenaeus vannamei (Boone, 1931)","species","Animalia","alien","null","present","Bahamas","BHS","Litopenaeus vannamei","Animalia","Arthropoda","Malacostraca","Decapoda","Penaeidae","[""brackish"",""marine""]"
"Sargassum fluitans (Børgesen) Børgesen","species","Chromista","alien","null","present","Bahamas","BHS","Sargassum fluitans","Chromista","Ochrophyta","Phaeophyceae","Fucales","Sargassaceae","[""marine""]"
"Terminalia catappa L.","species","Plantae","alien","null","present","Bahamas","BHS","Terminalia catappa","Plantae","Tracheophyta","Magnoliopsida","Myrtales","Combretaceae","[""terrestrial""]"
"Melicoccus bijugatus Jacq.","species","Plantae","alien","null","present","Bahamas","BHS","Melicoccus bijugatus","Plantae","Tracheophyta","Magnoliopsida","Sapindales","Sapindaceae","[""terrestrial""]"
"Panicum repens L.","species","Plantae","alien","invasive","present","Bahamas","BHS","Panicum repens","Plantae","Tracheophyta","Liliopsida","Poales","Poaceae","[""terrestrial""]"
"Casuarina equisetifolia L.","species","Plantae","alien","invasive","present","Bahamas","BHS","Casuarina equisetifolia","Plantae","Tracheophyta","Magnoliopsida","Fagales","Casuarinaceae","[""terrestrial""]"
"Euxiphipops xanthometopon (Bleeker, 1853)","species","Animalia","alien","invasive","present","Bahamas","BHS","Pomacanthus xanthometopon","Animalia","Chordata","Actinopterygii","Perciformes","Pomacanthidae","[""marine""]"
"Bothriochloa pertusa (L.) A.Camus","species","Plantae","alien","null","present","Bahamas","BHS","Bothriochloa pertusa","Plantae","Tracheophyta","Liliopsida","Poales","Poaceae","[""terrestrial""]"
"Syzygium cumini (L.) Skeels","species","Plantae","alien","invasive","present","Bahamas","BHS","Syzygium cumini","Plantae","Tracheophyta","Magnoliopsida","Myrtales","Myrtaceae","[""terrestrial""]"
"Crassostrea virginica (Gmelin, 1791)","species","Animalia","alien","invasive","present","Bahamas","BHS","Crassostrea virginica","Animalia","Mollusca","Bivalvia","Ostreida","Ostreidae","[""marine""]"
"Kalanchoe daigremontiana Raym.-Hamet & H.Perrier","species","Plantae","alien","null","present","Bahamas","BHS","Kalanchoe daigremontiana","Plantae","Tracheophyta","Magnoliopsida","Saxifragales","Crassulaceae","[""terrestrial""]"
"Ovis aries Linnaeus, 1758","species","Animalia","alien","invasive","present","Bahamas","BHS","Ovis aries","Animalia","Chordata","Mammalia","Artiodactyla","Bovidae","[""terrestrial""]"
"Urochloa mutica (Forssk.) T.Q.Nguyen","species","Plantae","alien","null","present","Bahamas","BHS","Brachiaria mutica","Plantae","Tracheophyta","Liliopsida","Poales","Poaceae","[""terrestrial""]"
"Passiflora quadrangularis L.","species","Plantae","alien","null","present","Bahamas","BHS","Passiflora quadrangularis","Plantae","Tracheophyta","Magnoliopsida","Malpighiales","Passifloraceae","[""terrestrial""]"
"Albizia lebbeck (L.) Benth.","species","Plantae","alien","null","present","Bahamas","BHS","Albizia lebbeck","Plantae","Tracheophyta","Magnoliopsida","Fabales","Fabaceae","[""terrestrial""]"
"Ramphotyphlops braminus Daudin, 1803","species","Animalia","alien","null","present","Bahamas","BHS","Ramphotyphlops braminus","Animalia","Chordata","Reptilia","Squamata","Typhlopidae","[""terrestrial""]"
"Ruellia brittoniana Leonard","species","Plantae","alien","invasive","present","Bahamas","BHS","Ruellia simplex","Plantae","Tracheophyta","Magnoliopsida","Lamiales","Acanthaceae","[""terrestrial""]"
"Poecilia latipinna (Lesueur, 1821)","species","Animalia","alien","null","present","Bahamas","BHS","Poecilia latipinna","Animalia","Chordata","Actinopterygii","Cyprinodontiformes","Poeciliidae","[""freshwater"",""brackish"",""marine""]"
"Passer domesticus (Linnaeus, 1758)","species","Animalia","alien","invasive","present","Bahamas","BHS","Passer domesticus","Animalia","Chordata","Aves","Passeriformes","Passeridae","[""terrestrial""]"
"Cyclura cychlura figginsi Barbour, 1923","subspecies","Animalia","alien","null","present","Bahamas","BHS","Cyclura cychlura","Animalia","Chordata","Reptilia","Squamata","Iguanidae","[""terrestrial""]"
"Cardamine flexuosa Withering","species","Plantae","alien","null","present","Bahamas","BHS","Cardamine flexuosa","Plantae","Tracheophyta","Magnoliopsida","Brassicales","Brassicaceae","[""terrestrial""]"
"Senna siamea (Lamarck) H.S.Irwin & Barneby","species","Plantae","alien","null","present","Bahamas","BHS","Senna siamea","Plantae","Tracheophyta","Magnoliopsida","Fabales","Fabaceae","[""terrestrial""]"
"Pteridium aquilinum","species","Plantae","alien","invasive","present","Bahamas","BHS","Pteridium aquilinum","Plantae","Tracheophyta","Polypodiopsida","Polypodiales","Dennstaedtiaceae","[""terrestrial""]"
"Agave sisalana Perrine","species","Plantae","alien","null","present","Bahamas","BHS","Agave sisalana","Plantae","Tracheophyta","Liliopsida","Asparagales","Asparagaceae","[""terrestrial""]"
"Crotalaria retusa L.","species","Plantae","alien","null","present","Bahamas","BHS","Crotalaria retusa","Plantae","Tracheophyta","Magnoliopsida","Fabales","Fabaceae","[""terrestrial""]"
"Prosopis juliflora (Sw.) DC.","species","Plantae","alien","null","present","Bahamas","BHS","Prosopis juliflora","Plantae","Tracheophyta","Magnoliopsida","Fabales","Fabaceae","[""terrestrial""]"
"Epinephelus lanceolatus (Bloch, 1790)","species","Animalia","alien","invasive","present","Bahamas","BHS","Epinephelus lanceolatus","Animalia","Chordata","Actinopterygii","Perciformes","Serranidae","[""brackish"",""marine""]"
"Opheodrys aestivus Linnaeus, 1766","species","Animalia","alien","null","present","Bahamas","BHS","Opheodrys aestivus","Animalia","Chordata","Reptilia","Squamata","Colubridae","[""terrestrial""]"
"Senna alata (L.) Roxb.","species","Plantae","alien","null","present","Bahamas","BHS","Senna alata","Plantae","Tracheophyta","Magnoliopsida","Fabales","Fabaceae","[""terrestrial""]"
"Anolis equestris Merrem, 1820","species","Animalia","alien","null","present","Bahamas","BHS","Anolis equestris","Animalia","Chordata","Reptilia","Squamata","Dactyloidae","[""terrestrial""]"
"Columba livia Gmelin, 1789","species","Animalia","alien","invasive","present","Bahamas","BHS","Columba livia","Animalia","Chordata","Aves","Columbiformes","Columbidae","[""terrestrial""]"
"Adenanthera pavonina L.","species","Plantae","alien","null","present","Bahamas","BHS","Adenanthera pavonina","Plantae","Tracheophyta","Magnoliopsida","Fabales","Fabaceae","[""terrestrial""]"
"Ipomoea purpurea (L.) Roth","species","Plantae","alien","invasive","present","Bahamas","BHS","Ipomoea purpurea","Plantae","Tracheophyta","Magnoliopsida","Solanales","Convolvulaceae","[""terrestrial""]"
"Solenopsis geminata (Fabricius, 1804)","species","Animalia","alien","invasive","present","Bahamas","BHS","Solenopsis geminata","Animalia","Arthropoda","Insecta","Hymenoptera","Formicidae","[""terrestrial""]"
"Leucaena diversifolia Benth.","species","Plantae","alien","null","present","Bahamas","BHS","Leucaena diversifolia","Plantae","Tracheophyta","Magnoliopsida","Fabales","Fabaceae","[""terrestrial""]"
"Sphaerodactylus copei cataplexis Schwartz & Thomas, 1965","subspecies","Animalia","alien","null","present","Bahamas","BHS","Sphaerodactylus copei","Animalia","Chordata","Reptilia","Squamata","Sphaerodactylidae","[""terrestrial""]"
"Lithobates grylio (Stejneger, 1901)","species","Animalia","alien","null","present","Bahamas","BHS","Lithobates grylio","Animalia","Chordata","Amphibia","Anura","Ranidae","[""terrestrial"",""freshwater""]"
"Cryptostegia grandiflora R.Br.","species","Plantae","alien","null","present","Bahamas","BHS","Cryptostegia grandiflora","Plantae","Tracheophyta","Magnoliopsida","Gentianales","Apocynaceae","[""terrestrial""]"
"Sorghum halepense Pers.","species","Plantae","alien","null","present","Bahamas","BHS","Sorghum halepense","Plantae","Tracheophyta","Liliopsida","Poales","Poaceae","[""terrestrial""]"
"Culex quinquefasciatus Say, 1823","species","Animalia","alien","null","present","Bahamas","BHS","Culex quinquefasciatus","Animalia","Arthropoda","Insecta","Diptera","Culicidae","[""terrestrial"",""freshwater""]"
"Scaevola sericea G.Forst.","species","Plantae","alien","invasive","present","Bahamas","BHS","Scaevola sericea","Plantae","Tracheophyta","Magnoliopsida","Asterales","Goodeniaceae","[""terrestrial""]"
"Anolis smaragdinus Barbour & Shreve, 1935","species","Animalia","alien","null","present","Bahamas","BHS","Anolis smaragdinus","Animalia","Chordata","Reptilia","Squamata","Dactyloidae","[""terrestrial""]"
"Sus scrofa Linnaeus, 1758","species","Animalia","alien","invasive","present","Bahamas","BHS","Sus scrofa","Animalia","Chordata","Mammalia","Artiodactyla","Suidae","[""terrestrial""]"
"Paratrechina longicornis (Latreille, 1802)","species","Animalia","alien","null","present","Bahamas","BHS","Paratrechina longicornis","Animalia","Arthropoda","Insecta","Hymenoptera","Formicidae","[""terrestrial""]"
"Spathodea campanulata P.Beauv.","species","Plantae","alien","invasive","present","Bahamas","BHS","Spathodea campanulata","Plantae","Tracheophyta","Magnoliopsida","Lamiales","Bignoniaceae","[""terrestrial""]"
"Aedes aegypti (Linnaeus, 1762)","species","Animalia","alien","null","present","Bahamas","BHS","Aedes aegypti","Animalia","Arthropoda","Insecta","Diptera","Culicidae","[""terrestrial"",""freshwater""]"
"Molothrus bonariensis (Gmelin, 1789)","species","Animalia","alien","invasive","present","Bahamas","BHS","Molothrus bonariensis","Animalia","Chordata","Aves","Passeriformes","Emberizidae","[""terrestrial""]"
"Colubrina asiatica (L.) Brongn.","species","Plantae","alien","invasive","present","Bahamas","BHS","Colubrina asiatica","Plantae","Tracheophyta","Magnoliopsida","Rosales","Rhamnaceae","[""terrestrial""]"
"Sphagneticola trilobata (L.) Pruski","species","Plantae","alien","invasive","present","Bahamas","BHS","Sphagneticola trilobata","Plantae","Tracheophyta","Magnoliopsida","Asterales","Asteraceae","[""terrestrial""]"
"Leucaena leucocephala (Lam.) de Wit","species","Plantae","alien","invasive","present","Bahamas","BHS","Leucaena leucocephala","Plantae","Tracheophyta","Magnoliopsida","Fabales","Fabaceae","[""terrestrial""]"
"Antigonon leptopus Hook. & Arn.","species","Plantae","alien","invasive","present","Bahamas","BHS","Antigonon leptopus","Plantae","Tracheophyta","Magnoliopsida","Caryophyllales","Polygonaceae","[""terrestrial""]"
"Cyclura cychlura inornata Barbour & Noble, 1916","subspecies","Animalia","alien","null","present","Bahamas","BHS","Cyclura cychlura","Animalia","Chordata","Reptilia","Squamata","Iguanidae","[""terrestrial""]"
"Myiopsitta monachus (Boddaert, 1783)","species","Animalia","alien","null","present","Bahamas","BHS","Myiopsitta monachus","Animalia","Chordata","Aves","Psittaciformes","Psittacidae","[""terrestrial""]"
"Rattus norvegicus (Berkenhout, 1769)","species","Animalia","alien","invasive","present","Bahamas","BHS","Rattus norvegicus","Animalia","Chordata","Mammalia","Rodentia","Muridae","[""terrestrial""]"
"Sesbania sericea (Willd.) Link","species","Plantae","alien","null","present","Bahamas","BHS","Sesbania sericea","Plantae","Tracheophyta","Magnoliopsida","Fabales","Fabaceae","[""terrestrial""]"
"Senna occidentalis (L.) Link","species","Plantae","alien","null","present","Bahamas","BHS","Senna occidentalis","Plantae","Tracheophyta","Magnoliopsida","Fabales","Fabaceae","[""terrestrial""]"
"Trachemys decorata (Barbour & Carr, 1940)","species","Animalia","alien","null","present","Bahamas","BHS","Trachemys decorata","Animalia","Chordata","Reptilia","Testudines","Emydidae","[""terrestrial"",""freshwater""]"
"Elaphe guttata Stebbins, 1985","species","Animalia","alien","invasive","present","Bahamas","BHS","Pantherophis guttatus","Animalia","Chordata","Reptilia","Squamata","Colubridae","[""terrestrial""]"
"Achyranthes aspera L.","species","Plantae","alien","invasive","present","Bahamas","BHS","Achyranthes aspera","Plantae","Tracheophyta","Magnoliopsida","Caryophyllales","Amaranthaceae","[""terrestrial""]"
"Trachemys scripta (Thunberg In Schoepff, 1792)","species","Animalia","alien","invasive","present","Bahamas","BHS","Trachemys scripta","Animalia","Chordata","Reptilia","Testudines","Emydidae","[""terrestrial"",""freshwater""]"
"Callinectes sapidus Rathbun, 1896","species","Animalia","alien","invasive","present","Bahamas","BHS","Callinectes sapidus","Animalia","Arthropoda","Malacostraca","Decapoda","Potamidae","[""marine""]"
"Monomorium floricola (Jerdon, 1851)","species","Animalia","alien","null","present","Bahamas","BHS","Monomorium floricola","Animalia","Arthropoda","Insecta","Hymenoptera","Formicidae","[""terrestrial""]"
"Bubulcus ibis (Linnaeus, 1758)","species","Animalia","alien","null","present","Bahamas","BHS","Bubulcus ibis","Animalia","Chordata","Aves","Pelecaniformes","Ardeidae","[""terrestrial"",""freshwater""]"
"Rhinella marina (Linnaeus, 1758)","species","Animalia","alien","null","present","Bahamas","BHS","Rhinella marina","Animalia","Chordata","Amphibia","Anura","Bufonidae","[""terrestrial"",""freshwater""]"
"Tradescantia spathacea Sw.","species","Plantae","alien","null","present","Bahamas","BHS","Tradescantia spathacea","Plantae","Tracheophyta","Liliopsida","Commelinales","Commelinaceae","[""terrestrial""]"
"Melinis repens (Willd.) Zizka","species","Plantae","alien","null","present","Bahamas","BHS","Melinis repens","Plantae","Tracheophyta","Liliopsida","Poales","Poaceae","[""terrestrial""]"
"Hemidactylus garnotii Duméril & Bibron, 1836","species","Animalia","alien","null","present","Bahamas","BHS","Hemidactylus garnotii","Animalia","Chordata","Reptilia","Squamata","Gekkonidae","[""terrestrial""]"
"Leucaena glauca (Willd.) Benth.","species","Plantae","alien","invasive","present","Bahamas","BHS","Leucaena glauca","Plantae","Tracheophyta","Magnoliopsida","Fabales","Fabaceae","[""terrestrial""]"